path,action,reading_order_and_reason
npc/vsrc/riscv32/common/riscv32_addr_map_pkg.sv,检查后保留,地址常量→区域判定函数；无状态
npc/vsrc/riscv32/common/riscv32_axi4_pkg.sv,检查后保留,总线宽度→通道类型→manager/target打包
npc/vsrc/riscv32/common/riscv32_pkg.sv,检查后保留,配置派生宽度→指令/流水载荷类型→辅助函数
npc/vsrc/riscv32/common/riscv32_ysyx_soc_axi4_pkg.sv,检查后保留,SoC侧通道类型与固定接口宽度
npc/vsrc/riscv32/common/riscv_config_pkg.sv,检查后保留,平台宏入口→配置常量→参数合法性约束
npc/vsrc/riscv32/core/control/riscv32_fence_i_ctrl.sv,检查后保留,维护输出→clean/invalidate/failed转移→状态更新
npc/vsrc/riscv32/core/control/riscv32_hazard_ctrl.sv,检查后保留,生产者年龄和可用性→RAW/串行化→发射许可与flush
npc/vsrc/riscv32/core/control/riscv32_interrupt_ctrl.sv,检查后保留,受理条件与恢复PC选择→pending/架构PC状态
npc/vsrc/riscv32/core/control/riscv32_redirect_mux.sv,检查后保留,来源优先级选择；组合恢复接口
npc/vsrc/riscv32/core/control/riscv32_trap_ctrl.sv,检查后保留,cause/入口PC选择→CSR更新与恢复；无流水级
npc/vsrc/riscv32/core/decode/riscv32_idu.sv,检查后保留,指令字段与立即数→语义译码→异常和操作数使用标志
npc/vsrc/riscv32/core/decode/riscv32_operand_mux.sv,检查后保留,源寄存器选择与前递→ALU/访存/CSR操作数打包
npc/vsrc/riscv32/core/decode/riscv32_regfile.sv,修改,组合读与同拍回写旁路→存储更新；x0约束
npc/vsrc/riscv32/core/execute/riscv32_ex_result_reg.sv,检查后保留,寄存结果解析→分支纠错/训练/前递→valid与载荷更新
npc/vsrc/riscv32/core/execute/riscv32_exu.sv,修改,操作数→并行ALU/控制流/CSR/AGU→结果和LSU请求；修正旧模块名注释
npc/vsrc/riscv32/core/execute/riscv32_id_ex_reg.sv,检查后保留,容量与输出→执行包采样→flush/valid更新
npc/vsrc/riscv32/core/frontend/riscv32_bht.sv,修改,策略generate→各表查询→训练/历史状态更新
npc/vsrc/riscv32/core/frontend/riscv32_branch_choice.sv,修改,计数器弱态判定→动态/静态组合选择；无状态
npc/vsrc/riscv32/core/frontend/riscv32_branch_predictor.sv,检查后保留,训练分类→BHT/BTB/RAS并行查询→方向/目标选择→响应寄存器
npc/vsrc/riscv32/core/frontend/riscv32_btb.sv,修改,索引和并行命中→目标合并→训练选项/替换→阵列更新
npc/vsrc/riscv32/core/frontend/riscv32_compact_btb.sv,修改,目标可表示性→分路查询→训练/替换→压缩存储更新
npc/vsrc/riscv32/core/frontend/riscv32_direct_target.sv,修改,指令类型/立即数→目标加法及方向选择→输出；无寄存器
npc/vsrc/riscv32/core/frontend/riscv32_fetch_buffer.sv,检查后保留,空队列直通/队首输出→指针数量下一值→存储更新
npc/vsrc/riscv32/core/frontend/riscv32_icache.sv,检查后保留,阵列/miss接口→命中与分配→失效和元数据写口→事件/断言
npc/vsrc/riscv32/core/frontend/riscv32_icache_axi.sv,检查后保留,总线输出→refill响应/错误状态转移→寄存器更新
npc/vsrc/riscv32/core/frontend/riscv32_icache_data_array.sv,检查后保留,读口→写入暂存与存储更新；保留同步读边界
npc/vsrc/riscv32/core/frontend/riscv32_icache_miss_unit.sv,检查后保留,miss输出/关键字交付→回填与维护转移→状态更新
npc/vsrc/riscv32/core/frontend/riscv32_icache_replacement.sv,修改,S1事件索引→分策略状态更新与victim选择→查询快照；无新增流水级
npc/vsrc/riscv32/core/frontend/riscv32_icache_tag_array.sv,检查后保留,tag查询/比较→替换提示→元数据更新；同步查询对齐
npc/vsrc/riscv32/core/frontend/riscv32_ifu.sv,修改,PC/预测→请求队列→返回识别/RAS保持/直接目标/纠错→交付与断言
npc/vsrc/riscv32/core/frontend/riscv32_pma.sv,检查后保留,地址范围判定→cacheable/访问属性；组合模块
npc/vsrc/riscv32/core/frontend/riscv32_ras.sv,检查后保留,返回栈顶查询→call/return动作→指针与栈更新
npc/vsrc/riscv32/core/frontend/riscv32_tage.sv,修改,查询索引/并行表→provider选择→训练和历史反馈
npc/vsrc/riscv32/core/frontend/riscv32_tage_scl.sv,修改,历史与恢复→并行TAGE/SC查询→方向汇合/Loop覆盖→训练→验证展开
npc/vsrc/riscv32/core/memory/riscv32_data_mem.sv,检查后保留,PMA路由→cache/uncached连接→响应身份/背压保持
npc/vsrc/riscv32/core/memory/riscv32_dcache.sv,检查后保留,同步查询/同拍store前递→hit/miss→clean及写口→事件/断言
npc/vsrc/riscv32/core/memory/riscv32_dcache_axi.sv,检查后保留,写回/回填通道输出→各通道完成与错误转移→状态更新
npc/vsrc/riscv32/core/memory/riscv32_dcache_data_array.sv,检查后保留,同步读→写入保持→字节掩码更新
npc/vsrc/riscv32/core/memory/riscv32_dcache_miss_unit.sv,检查后保留,victim/writeback/refill输出→错误恢复与安装条件→状态更新
npc/vsrc/riscv32/core/memory/riscv32_dcache_tag_array.sv,检查后保留,同步元数据查询→valid/tag/dirty写口
npc/vsrc/riscv32/core/memory/riscv32_lsu.sv,检查后保留,请求选择→地址/掩码→load提取/异常→输出→下一状态→更新
npc/vsrc/riscv32/core/memory/riscv32_uncached_axi.sv,检查后保留,单次读写通道输出→握手/错误转移→事务保持
npc/vsrc/riscv32/core/riscv32_core.sv,检查后保留,取指→译码与前递→执行/访存→提交→恢复连接；观察器单独分组
npc/vsrc/riscv32/core/writeback/riscv32_commit.sv,检查后保留,提交有效性→GPR/CSR/访存副作用→架构PC与恢复
npc/vsrc/riscv32/core/writeback/riscv32_completion_mux.sv,检查后保留,EX/LSU结果选择及ready反馈；无寄存器
npc/vsrc/riscv32/core/writeback/riscv32_csr_file.sv,检查后保留,CSR地址读选择→提交/trap写入优先级→寄存器更新
npc/vsrc/riscv32/core/writeback/riscv32_pmu.sv,检查后保留,事件选择→计数寄存器更新→读取
npc/vsrc/riscv32/core/writeback/riscv32_wb_reg.sv,检查后保留,输出/容量→载荷采样→valid/flush更新
npc/vsrc/riscv32/experiments/bcd7seg.v,检查后保留,组合七段译码；保留历史名称及真实输入范围注释
npc/vsrc/riscv32/experiments/interconnect/riscv32_axi4_error_target.sv,检查后保留,错误响应输出→读写事务转移→状态更新；历史实验
npc/vsrc/riscv32/experiments/pipeline/riscv32_decode_stage.sv,检查后保留,译码连接→单项缓冲容量→有效位与载荷；非当前流水级
npc/vsrc/riscv32/experiments/pipeline/riscv32_redirect_arbiter.sv,检查后保留,历史恢复来源组合优先级；非当前实例
npc/vsrc/riscv32/experiments/pipeline/riscv32_register_read_stage.sv,检查后保留,输出/容量→读值快照与回写监听→valid/flush；历史实验
npc/vsrc/riscv32/experiments/riscv32_ALU_for_sta.sv,检查后保留,独立组合ALU case；保留既有综合实验入口
npc/vsrc/riscv32/experiments/shl4_for_sta.sv,检查后保留,独立组合移位实验；无寄存器
npc/vsrc/riscv32/filelist/filelist.f,检查后保留,包先于消费者→按模块职责列源；不改变配置
npc/vsrc/riscv32/filelist/filelist_sta.f,检查后保留,综合源依赖顺序；不包含sim观察器
npc/vsrc/riscv32/sim/riscv32_axi4_sim_mem.sv,检查后保留,AXI请求/延迟计数→响应与存储访问；仿真模型
npc/vsrc/riscv32/sim/riscv32_axi4_uart_sim.sv,检查后保留,AXI读写响应→事务状态→UART字符副作用；仿真模型
npc/vsrc/riscv32/sim/riscv32_perf_dpi.svh,检查后保留,DPI声明/保护宏；无硬件状态
npc/vsrc/riscv32/sim/riscv32_sim_cache_wait_monitor.sv,检查后保留,被动等待分类与统计→输出；不驱动CPU
npc/vsrc/riscv32/sim/riscv32_sim_dcache_monitor.sv,检查后保留,lookup/hit/miss/writeback事件→计数和延迟统计
npc/vsrc/riscv32/sim/riscv32_sim_icache_monitor.sv,检查后保留,取指cache事件→miss/等待计数与报告
npc/vsrc/riscv32/sim/riscv32_sim_issue_window_monitor.sv,检查后保留,被动发射窗口观察→等待分类与统计
npc/vsrc/riscv32/sim/riscv32_sim_perf_monitor.sv,检查后保留,计时窗口/退休事件→计数→DPI输出
npc/vsrc/riscv32/sim/top.sv,检查后保留,仿真时钟/复位与系统连接→观察接口；非流水级
npc/vsrc/riscv32/system/peripheral/riscv32_axi4_clint.sv,检查后保留,地址/掩码→读写输出→事务转移→计时/比较寄存器
npc/vsrc/riscv32/system/riscv32_axi4_arbiter.sv,检查后保留,AR来源选择/R归属→锁定与轮询转移→状态更新
npc/vsrc/riscv32/system/riscv32_axi4_router.sv,检查后保留,地址匹配→通道输出→读写路由转移→事务状态更新
npc/vsrc/riscv32/system/riscv32_axi4_soc_width_converter.sv,检查后保留,同宽组合直通或宽度转换分支；读写输出→转移→状态
npc/vsrc/riscv32/system/riscv32_core_reset_boundary.sv,检查后保留,测量边界内复位控制与core实例连接
npc/vsrc/riscv32/system/riscv32_npc_axi.sv,检查后保留,系统与SoC AXI宽度适配连接；有明确协议边界
npc/vsrc/riscv32/system/riscv32_npc_system.sv,检查后保留,core→仲裁/地址路由→CLINT/外部端口连接
npc/vsrc/riscv32/system/riscv32_reset_controller.sv,检查后保留,异步复位采样与同步释放；保留实际同步链
